INSERT INTO
    country(country_name)
VALUES
    ('England');

INSERT INTO
    country(country_name)
VALUES
    ('Wales');

INSERT INTO
    country(country_name)
VALUES
    ('Scotland');

INSERT INTO
    country(country_name)
VALUES
    ('Ireland');

INSERT INTO
    country(country_name)
VALUES
    ('Northern Ireland');

INSERT INTO
    city(country_id, city_name)
VALUES
    (1, 'London');

INSERT INTO
    city(country_id, city_name)
VALUES
    (2, 'Cardiff');

INSERT INTO
    city(country_id, city_name)
VALUES
    (3, 'Edinburgh');

INSERT INTO
    city(country_id, city_name)
VALUES
    (4, 'Dublin');

INSERT INTO
    city(country_id, city_name)
VALUES
    (5, 'Belfast');

insert into
    "address" (
        city_id,
        address_postcode,
        address_one,
        address_two
    )
values
    (
        1,
        'XR65 4CU',
        '77511 Forest Run Street',
        'Room 450'
    );

insert into
    "address" (
        city_id,
        address_postcode,
        address_one,
        address_two
    )
values
    (
        1,
        'MT57 5JD',
        '7986 Pankratz Hill',
        null
    );

insert into
    "address" (
        city_id,
        address_postcode,
        address_one,
        address_two
    )
values
    (
        1,
        'GP98 6JH',
        '8 David Terrace',
        null
    );

insert into
    "address" (
        city_id,
        address_postcode,
        address_one,
        address_two
    )
values
    (
        1,
        'OF52 9UH',
        '5625 High Crossing Center',
        'Suite 96'
    );

insert into
    "address" (
        city_id,
        address_postcode,
        address_one,
        address_two
    )
values
    (
        1,
        'GJ47 8WQ',
        '60 Maywood Alley',
        'PO Box 3802'
    );

insert into
    "address" (
        city_id,
        address_postcode,
        address_one,
        address_two
    )
values
    (
        2,
        'AK07 2MZ',
        '2 Vidon Hill',
        'Suite 44'
    );

insert into
    "address" (
        city_id,
        address_postcode,
        address_one,
        address_two
    )
values
    (
        2,
        'SK71 6UC',
        '097 Nevada Junction',
        null
    );

insert into
    "address" (
        city_id,
        address_postcode,
        address_one,
        address_two
    )
values
    (
        2,
        'ZG15 6KE',
        '3016 Carioca Hill',
        'PO Box 94254'
    );

insert into
    "address" (
        city_id,
        address_postcode,
        address_one,
        address_two
    )
values
    (
        2,
        'WE10 6NB',
        '3867 Fremont Place',
        null
    );

insert into
    "address" (
        city_id,
        address_postcode,
        address_one,
        address_two
    )
values
    (
        2,
        'LS89 7JF',
        '035 Meadow Ridge Hill',
        null
    );

insert into
    "address" (
        city_id,
        address_postcode,
        address_one,
        address_two
    )
values
    (
        3,
        'GQ17 0IX',
        '197 Bartillon Point',
        'Room 914'
    );

insert into
    "address" (
        city_id,
        address_postcode,
        address_one,
        address_two
    )
values
    (
        3,
        'OI19 2NP',
        '38828 Morrow Road',
        null
    );

insert into
    "address" (
        city_id,
        address_postcode,
        address_one,
        address_two
    )
values
    (
        3,
        'NI19 7ON',
        '85062 Vermont Center',
        'Suite 7'
    );

insert into
    "address" (
        city_id,
        address_postcode,
        address_one,
        address_two
    )
values
    (
        3,
        'JE40 4MX',
        '66367 Carberry Hill',
        null
    );

insert into
    "address" (
        city_id,
        address_postcode,
        address_one,
        address_two
    )
values
    (
        3,
        'CS40 7EN',
        '191 Eggendart Trail',
        null
    );

insert into
    "address" (
        city_id,
        address_postcode,
        address_one,
        address_two
    )
values
    (
        4,
        'NE66 0HO',
        '24217 Charing Cross Park',
        'Suite 65'
    );

insert into
    "address" (
        city_id,
        address_postcode,
        address_one,
        address_two
    )
values
    (
        4,
        'ME39 1DN',
        '41041 Schlimgen Pass',
        'Room 1423'
    );

insert into
    "address" (
        city_id,
        address_postcode,
        address_one,
        address_two
    )
values
    (
        4,
        'YK00 0EX',
        '42 Lotheville Crossing',
        null
    );

insert into
    "address" (
        city_id,
        address_postcode,
        address_one,
        address_two
    )
values
    (
        4,
        'EP49 0EX',
        '04341 Corscot Plaza',
        null
    );

insert into
    "address" (
        city_id,
        address_postcode,
        address_one,
        address_two
    )
values
    (
        4,
        'VI09 0DB',
        '33004 Colorado Street',
        null
    );

insert into
    "address" (
        city_id,
        address_postcode,
        address_one,
        address_two
    )
values
    (
        5,
        'XR21 5TF',
        '819 Lighthouse Bay Circle',
        null
    );

insert into
    "address" (
        city_id,
        address_postcode,
        address_one,
        address_two
    )
values
    (
        5,
        'LE65 0FT',
        '64889 Dorton Road',
        null
    );

insert into
    "address" (
        city_id,
        address_postcode,
        address_one,
        address_two
    )
values
    (
        5,
        'OV67 8VH',
        '21376 Burning Wood Way',
        null
    );

insert into
    "address" (
        city_id,
        address_postcode,
        address_one,
        address_two
    )
values
    (
        5,
        'YW97 2OB',
        '64092 Novick Center',
        null
    );

insert into
    "address" (
        city_id,
        address_postcode,
        address_one,
        address_two
    )
values
    (
        5,
        'DU48 7AN',
        '2526 Farragut Avenue',
        null
    );

INSERT INTO
    facilities(facilities_name)
VALUES
    ('Warehouse');

INSERT INTO
    facilities(facilities_name)
VALUES
    ('Dry Dock');

INSERT INTO
    facilities(facilities_name)
VALUES
    ('Wet Slip');

INSERT INTO
    facilities(facilities_name)
VALUES
    ('Maintenance');

INSERT INTO
    facilities(facilities_name)
VALUES
    ('Sail Repair');

INSERT INTO
    facilities(facilities_name)
VALUES
    ('Fuel Station');

INSERT INTO
    facilities(facilities_name)
VALUES
    ('Hoist');

INSERT INTO
    facilities(facilities_name)
VALUES
    ('Office');

INSERT INTO
    facilities(facilities_name)
VALUES
    ('Electrical');

INSERT INTO
    facilities(facilities_name)
VALUES
    ('Painting');

INSERT INTO
    yard(
        address_id,
        yard_size,
        yard_name,
        yard_tel,
        yard_email
    )
VALUES
    (
        21,
        50000,
        'Yard 1',
        '01278 24444'
    );

INSERT INTO
    yard(
        address_id,
        yard_size,
        yard_name,
        yard_tel,
        yard_email
    )
VALUES
    (
        22,
        25000,
        'Yard 2',
        '01278 12345'
    );

INSERT INTO
    yard(
        address_id,
        yard_size,
        yard_name,
        yard_tel,
        yard_email
    )
VALUES
    (
        23,
        65000,
        'Yard 3',
        '01278 98765'
    );

INSERT INTO
    yard(
        address_id,
        yard_size,
        yard_name,
        yard_tel,
        yard_email
    )
VALUES
    (
        24,
        20000,
        'Yard 4',
        '01278 45810'
    );

INSERT INTO
    yard(
        address_id,
        yard_size,
        yard_name,
        yard_tel,
        yard_email
    )
VALUES
    (
        25,
        75000,
        'Yard 5',
        '01278 14741'
    );

INSERT INTO
    yard_facilities(yard_id, facilities_id)
VALUES
    (1, 1);

INSERT INTO
    yard_facilities(yard_id, facilities_id)
VALUES
    (1, 3);

INSERT INTO
    yard_facilities(yard_id, facilities_id)
VALUES
    (1, 4);

INSERT INTO
    yard_facilities(yard_id, facilities_id)
VALUES
    (1, 5);

INSERT INTO
    yard_facilities(yard_id, facilities_id)
VALUES
    (1, 9);

INSERT INTO
    yard_facilities(yard_id, facilities_id)
VALUES
    (2, 1);

INSERT INTO
    yard_facilities(yard_id, facilities_id)
VALUES
    (2, 2);

INSERT INTO
    yard_facilities(yard_id, facilities_id)
VALUES
    (2, 3);

INSERT INTO
    yard_facilities(yard_id, facilities_id)
VALUES
    (2, 4);

INSERT INTO
    yard_facilities(yard_id, facilities_id)
VALUES
    (2, 5);

INSERT INTO
    yard_facilities(yard_id, facilities_id)
VALUES
    (3, 1);

INSERT INTO
    yard_facilities(yard_id, facilities_id)
VALUES
    (3, 2);

INSERT INTO
    yard_facilities(yard_id, facilities_id)
VALUES
    (3, 3);

INSERT INTO
    yard_facilities(yard_id, facilities_id)
VALUES
    (3, 4);

INSERT INTO
    yard_facilities(yard_id, facilities_id)
VALUES
    (3, 5);

INSERT INTO
    yard_facilities(yard_id, facilities_id)
VALUES
    (3, 6);

INSERT INTO
    yard_facilities(yard_id, facilities_id)
VALUES
    (3, 7);

INSERT INTO
    yard_facilities(yard_id, facilities_id)
VALUES
    (4, 1);

INSERT INTO
    yard_facilities(yard_id, facilities_id)
VALUES
    (4, 8);

INSERT INTO
    yard_facilities(yard_id, facilities_id)
VALUES
    (4, 9);

INSERT INTO
    yard_facilities(yard_id, facilities_id)
VALUES
    (5, 1);

INSERT INTO
    yard_facilities(yard_id, facilities_id)
VALUES
    (5, 2);

INSERT INTO
    yard_facilities(yard_id, facilities_id)
VALUES
    (5, 3);

INSERT INTO
    yard_facilities(yard_id, facilities_id)
VALUES
    (5, 4);

INSERT INTO
    yard_facilities(yard_id, facilities_id)
VALUES
    (5, 5);

INSERT INTO
    yard_facilities(yard_id, facilities_id)
VALUES
    (5, 6);

INSERT INTO
    yard_facilities(yard_id, facilities_id)
VALUES
    (5, 7);

INSERT INTO
    yard_facilities(yard_id, facilities_id)
VALUES
    (5, 8);

INSERT INTO
    yard_facilities(yard_id, facilities_id)
VALUES
    (5, 9);

INSERT INTO
    yard_facilities(yard_id, facilities_id)
VALUES
    (5, 10);

insert into
    customer (
        address_id,
        customer_fname,
        customer_mname,
        customer_lname,
        customer_tel1,
        customer_tel2,
        customer_email1,
        customer_email2,
        customer_priv,
        customer_represent_company
    )
values
    (
        1,
        'Jermaine',
        null,
        'Belli',
        '314-107-7002',
        '169-167-7418',
        'tbelli0@apple.com',
        'vbelli0@answers.com',
        true,
        'Brakus and Sons'
    );

insert into
    customer (
        address_id,
        customer_fname,
        customer_mname,
        customer_lname,
        customer_tel1,
        customer_tel2,
        customer_email1,
        customer_email2,
        customer_priv,
        customer_represent_company
    )
values
    (
        2,
        'Bria',
        'Pearline',
        'Esberger',
        '502-242-3055',
        '754-816-0289',
        'pesberger1@purevolume.com',
        null,
        false,
        null
    );

insert into
    customer (
        address_id,
        customer_fname,
        customer_mname,
        customer_lname,
        customer_tel1,
        customer_tel2,
        customer_email1,
        customer_email2,
        customer_priv,
        customer_represent_company
    )
values
    (
        3,
        'Eustacia',
        null,
        'Colthurst',
        '396-142-6471',
        null,
        'ccolthurst2@4shared.com',
        'acolthurst2@surveymonkey.com',
        false,
        null
    );

insert into
    customer (
        address_id,
        customer_fname,
        customer_mname,
        customer_lname,
        customer_tel1,
        customer_tel2,
        customer_email1,
        customer_email2,
        customer_priv,
        customer_represent_company
    )
values
    (
        4,
        'Claudina',
        'Wally',
        'Sisneros',
        '949-593-0595',
        '843-468-8971',
        'wsisneros3@yolasite.com',
        null,
        false,
        null
    );

insert into
    customer (
        address_id,
        customer_fname,
        customer_mname,
        customer_lname,
        customer_tel1,
        customer_tel2,
        customer_email1,
        customer_email2,
        customer_priv,
        customer_represent_company
    )
values
    (
        5,
        'Darn',
        null,
        'Aronsohn',
        '944-508-0133',
        null,
        'earonsohn4@dailymotion.com',
        'laronsohn4@odnoklassniki.ru',
        false,
        null
    );

insert into
    customer (
        address_id,
        customer_fname,
        customer_mname,
        customer_lname,
        customer_tel1,
        customer_tel2,
        customer_email1,
        customer_email2,
        customer_priv,
        customer_represent_company
    )
values
    (
        6,
        'Barrie',
        null,
        'Claypool',
        '953-284-4314',
        null,
        'eclaypool5@devhub.com',
        null,
        true,
        'Marquardt Inc'
    );

insert into
    customer (
        address_id,
        customer_fname,
        customer_mname,
        customer_lname,
        customer_tel1,
        customer_tel2,
        customer_email1,
        customer_email2,
        customer_priv,
        customer_represent_company
    )
values
    (
        7,
        'Dania',
        'Phineas',
        'Leamon',
        '115-150-2084',
        '415-994-6869',
        'pleamon6@wufoo.com',
        null,
        false,
        null
    );

insert into
    customer (
        address_id,
        customer_fname,
        customer_mname,
        customer_lname,
        customer_tel1,
        customer_tel2,
        customer_email1,
        customer_email2,
        customer_priv,
        customer_represent_company
    )
values
    (
        8,
        'Fair',
        'Tedd',
        'Blick',
        '712-313-4917',
        null,
        'tblick7@facebook.com',
        null,
        false,
        null
    );

insert into
    customer (
        address_id,
        customer_fname,
        customer_mname,
        customer_lname,
        customer_tel1,
        customer_tel2,
        customer_email1,
        customer_email2,
        customer_priv,
        customer_represent_company
    )
values
    (
        9,
        'Nelly',
        'Maren',
        'Baunton',
        '555-178-1885',
        '679-848-2165',
        'mbaunton8@hexun.com',
        'mbaunton8@mapy.cz',
        true,
        'Zboncak-Schulist'
    );

insert into
    customer (
        address_id,
        customer_fname,
        customer_mname,
        customer_lname,
        customer_tel1,
        customer_tel2,
        customer_email1,
        customer_email2,
        customer_priv,
        customer_represent_company
    )
values
    (
        10,
        'Norene',
        null,
        'Jopling',
        '936-179-5211',
        '331-106-6422',
        'bjopling9@hud.gov',
        'djopling9@ebay.co.uk',
        false,
        null
    );

insert into
    staff (
        address_id,
        staff_fname,
        staff_mname,
        staff_lname,
        staff_tel,
        staff_email,
        staff_wemail
    )
values
    (
        11,
        'Kylie',
        null,
        'Leyzell',
        '220-677-1576',
        'kleyzell0@1und1.de',
        'jleyzell0@stanford.edu'
    );

insert into
    staff (
        address_id,
        staff_fname,
        staff_mname,
        staff_lname,
        staff_tel,
        staff_email,
        staff_wemail
    )
values
    (
        12,
        'Clemmy',
        null,
        'Berryann',
        '878-753-8536',
        'kberryann1@multiply.com',
        'pberryann1@digg.com'
    );

insert into
    staff (
        address_id,
        staff_fname,
        staff_mname,
        staff_lname,
        staff_tel,
        staff_email,
        staff_wemail
    )
values
    (
        13,
        'Glynis',
        null,
        'Cropper',
        '359-461-4372',
        'scropper2@google.com',
        'pcropper2@latimes.com'
    );

insert into
    staff (
        address_id,
        staff_fname,
        staff_mname,
        staff_lname,
        staff_tel,
        staff_email,
        staff_wemail
    )
values
    (
        14,
        'Boris',
        null,
        'Davley',
        '671-331-8527',
        'bdavley3@ucoz.com',
        'cdavley3@eventbrite.com'
    );

insert into
    staff (
        address_id,
        staff_fname,
        staff_mname,
        staff_lname,
        staff_tel,
        staff_email,
        staff_wemail
    )
values
    (
        15,
        'Jehanna',
        null,
        'Romeuf',
        '446-904-4406',
        'sromeuf4@php.net',
        'sromeuf4@i2i.jp'
    );

insert into
    staff (
        address_id,
        staff_fname,
        staff_mname,
        staff_lname,
        staff_tel,
        staff_email,
        staff_wemail
    )
values
    (
        16,
        'Ogdan',
        null,
        'O''Heffernan',
        '986-848-1846',
        'doheffernan5@unesco.org',
        'coheffernan5@wordpress.com'
    );

insert into
    staff (
        address_id,
        staff_fname,
        staff_mname,
        staff_lname,
        staff_tel,
        staff_email,
        staff_wemail
    )
values
    (
        17,
        'Anselm',
        null,
        'Dimmock',
        '738-642-6496',
        'ldimmock6@sun.com',
        'bdimmock6@twitpic.com'
    );

insert into
    staff (
        address_id,
        staff_fname,
        staff_mname,
        staff_lname,
        staff_tel,
        staff_email,
        staff_wemail
    )
values
    (
        18,
        'Shawn',
        null,
        'Scorah',
        '588-384-5299',
        'gscorah7@studiopress.com',
        'ascorah7@ezinearticles.com'
    );

insert into
    staff (
        address_id,
        staff_fname,
        staff_mname,
        staff_lname,
        staff_tel,
        staff_email,
        staff_wemail
    )
values
    (
        19,
        'Mariele',
        'Chloe',
        'Cuddon',
        '199-722-6273',
        'ccuddon8@businessinsider.com',
        'ccuddon8@odnoklassniki.ru'
    );

insert into
    staff (
        address_id,
        staff_fname,
        staff_mname,
        staff_lname,
        staff_tel,
        staff_email,
        staff_wemail
    )
values
    (
        20,
        'Florri',
        'Tamar',
        'Stretton',
        '710-211-9533',
        'tstretton9@china.com.cn',
        'tstretton9@furl.net'
    );

INSERT INTO
    role(role_name)
VALUES
    ('MANAGER');

INSERT INTO
    role(role_name)
VALUES
    ('GLASS FIBRE SPECIALIST');

INSERT INTO
    role(role_name)
VALUES
    ('ENGINE TECHNICIAN');

INSERT INTO
    role(role_name)
VALUES
    ('GENERAL');

INSERT INTO
    role(role_name)
VALUES
    ('ELECTRICIAN');

INSERT INTO
    role(role_name)
VALUES
    ('TECHNICIAN');

INSERT INTO
    staff_role(staff_id, role_id)
VALUES
    (1, 1);

INSERT INTO
    staff_role(staff_id, role_id)
VALUES
    (1, 2);

INSERT INTO
    staff_role(staff_id, role_id)
VALUES
    (1, 3);

INSERT INTO
    staff_role(staff_id, role_id)
VALUES
    (2, 8);

INSERT INTO
    staff_role(staff_id, role_id)
VALUES
    (2, 7);

INSERT INTO
    staff_role(staff_id, role_id)
VALUES
    (2, 2);

INSERT INTO
    staff_role(staff_id, role_id)
VALUES
    (3, 4);

INSERT INTO
    staff_role(staff_id, role_id)
VALUES
    (4, 6);

INSERT INTO
    staff_role(staff_id, role_id)
VALUES
    (5, 4);

INSERT INTO
    staff_role(staff_id, role_id)
VALUES
    (5, 7);

INSERT INTO
    staff_role(staff_id, role_id)
VALUES
    (6, 2);

INSERT INTO
    staff_role(staff_id, role_id)
VALUES
    (7, 5);

INSERT INTO
    staff_role(staff_id, role_id)
VALUES
    (8, 7);

INSERT INTO
    staff_role(staff_id, role_id)
VALUES
    (8, 2);

INSERT INTO
    staff_role(staff_id, role_id)
VALUES
    (9, 3);

INSERT INTO
    staff_role(staff_id, role_id)
VALUES
    (10, 4);

INSERT INTO
    staff_role(staff_id, role_id)
VALUES
    (10, 5);

INSERT INTO
    staff_yard(staff_id, yard_id)
VALUES
    (1, 1);

INSERT INTO
    staff_yard(staff_id, yard_id)
VALUES
    (1, 2);

INSERT INTO
    staff_yard(staff_id, yard_id)
VALUES
    (2, 1);

INSERT INTO
    staff_yard(staff_id, yard_id)
VALUES
    (3, 5);

INSERT INTO
    staff_yard(staff_id, yard_id)
VALUES
    (4, 4);

INSERT INTO
    staff_yard(staff_id, yard_id)
VALUES
    (5, 5);

INSERT INTO
    staff_yard(staff_id, yard_id)
VALUES
    (5, 1);

INSERT INTO
    staff_yard(staff_id, yard_id)
VALUES
    (6, 4);

INSERT INTO
    staff_yard(staff_id, yard_id)
VALUES
    (7, 1);

INSERT INTO
    staff_yard(staff_id, yard_id)
VALUES
    (8, 5);

INSERT INTO
    staff_yard(staff_id, yard_id)
VALUES
    (8, 1);

INSERT INTO
    staff_yard(staff_id, yard_id)
VALUES
    (9, 1);

INSERT INTO
    staff_yard(staff_id, yard_id)
VALUES
    (9, 2);

INSERT INTO
    staff_yard(staff_id, yard_id)
VALUES
    (9, 3);

INSERT INTO
    staff_yard(staff_id, yard_id)
VALUES
    (10, 1);

insert into
    manafacture (
        manafacture_name,
        manafacture_model,
        manafacture_height,
        manafacture_length,
        manafacture_width,
        manafacture_fuel,
        manafacture_engine,
        manafacture_bhp,
        manafacture_hull,
        manafacture_capacity,
        manafacture_email,
        manafacture_phone
    )
values
    (
        'Von and Sons',
        'Fabaceae',
        10.69,
        5.76,
        18.18,
        'PETROL',
        'XML',
        179,
        'V-SHAPED',
        7,
        'npeter0@dedecms.com',
        '754-488-9881'
    );

insert into
    manafacture (
        manafacture_name,
        manafacture_model,
        manafacture_height,
        manafacture_length,
        manafacture_width,
        manafacture_fuel,
        manafacture_engine,
        manafacture_bhp,
        manafacture_hull,
        manafacture_capacity,
        manafacture_email,
        manafacture_phone
    )
values
    (
        'Klein and Sons',
        'Sparganiaceae',
        5.37,
        18.81,
        17.43,
        'HYBRID',
        'IWA',
        106,
        'FLAT-BOTTOM',
        17,
        'jcarah1@epa.gov',
        '177-351-3312'
    );

insert into
    manafacture (
        manafacture_name,
        manafacture_model,
        manafacture_height,
        manafacture_length,
        manafacture_width,
        manafacture_fuel,
        manafacture_engine,
        manafacture_bhp,
        manafacture_hull,
        manafacture_capacity,
        manafacture_email,
        manafacture_phone
    )
values
    (
        'Torp, Fisher and Murazik',
        'Primulaceae',
        17.82,
        12.52,
        11.68,
        'DIESEL',
        'LTG',
        129,
        'MULTI',
        19,
        'gespinha2@themeforest.net',
        '798-955-1699'
    );

insert into
    manafacture (
        manafacture_name,
        manafacture_model,
        manafacture_height,
        manafacture_length,
        manafacture_width,
        manafacture_fuel,
        manafacture_engine,
        manafacture_bhp,
        manafacture_hull,
        manafacture_capacity,
        manafacture_email,
        manafacture_phone
    )
values
    (
        'Bauch, Murphy and Erdman',
        'Crassulaceae',
        9.23,
        11.99,
        17.06,
        'PETROL',
        'SWN',
        18,
        'MULTI',
        3,
        'yludl3@blogs.com',
        '634-379-8871'
    );

insert into
    manafacture (
        manafacture_name,
        manafacture_model,
        manafacture_height,
        manafacture_length,
        manafacture_width,
        manafacture_fuel,
        manafacture_engine,
        manafacture_bhp,
        manafacture_hull,
        manafacture_capacity,
        manafacture_email,
        manafacture_phone
    )
values
    (
        'MacGyver and Sons',
        'Parmeliaceae',
        19.14,
        17.42,
        10.75,
        'HYBRID',
        'MXE',
        171,
        'ROUND-BOTTOM',
        5,
        'riannello4@simplemachines.org',
        '288-803-9864'
    );

insert into
    manafacture (
        manafacture_name,
        manafacture_model,
        manafacture_height,
        manafacture_length,
        manafacture_width,
        manafacture_fuel,
        manafacture_engine,
        manafacture_bhp,
        manafacture_hull,
        manafacture_capacity,
        manafacture_email,
        manafacture_phone
    )
values
    (
        'Christiansen, Torphy and Lang',
        'Fabaceae',
        5.62,
        7.52,
        17.5,
        'PETROL',
        'TOJ',
        191,
        'MULTI',
        4,
        'tpallis5@buzzfeed.com',
        '760-897-1749'
    );

insert into
    manafacture (
        manafacture_name,
        manafacture_model,
        manafacture_height,
        manafacture_length,
        manafacture_width,
        manafacture_fuel,
        manafacture_engine,
        manafacture_bhp,
        manafacture_hull,
        manafacture_capacity,
        manafacture_email,
        manafacture_phone
    )
values
    (
        'Rodriguez-Kirlin',
        'Myrtaceae',
        11.77,
        22.45,
        14.71,
        'PETROL',
        'KMW',
        133,
        'V-SHAPED',
        3,
        'causten6@nasa.gov',
        '942-508-5552'
    );

insert into
    manafacture (
        manafacture_name,
        manafacture_model,
        manafacture_height,
        manafacture_length,
        manafacture_width,
        manafacture_fuel,
        manafacture_engine,
        manafacture_bhp,
        manafacture_hull,
        manafacture_capacity,
        manafacture_email,
        manafacture_phone
    )
values
    (
        'Sauer Inc',
        'Onagraceae',
        15.37,
        8.89,
        19.8,
        'DIESEL',
        'KTE',
        195,
        'V-SHAPED',
        9,
        'kgiorgetti7@digg.com',
        '849-908-5176'
    );

insert into
    manafacture (
        manafacture_name,
        manafacture_model,
        manafacture_height,
        manafacture_length,
        manafacture_width,
        manafacture_fuel,
        manafacture_engine,
        manafacture_bhp,
        manafacture_hull,
        manafacture_capacity,
        manafacture_email,
        manafacture_phone
    )
values
    (
        'Feest, Boehm and Schultz',
        'Poaceae',
        14.67,
        20.02,
        15.69,
        'PETROL',
        'TAW',
        28,
        'MULTI',
        4,
        'bfiggess8@opera.com',
        '189-470-4431'
    );

insert into
    manafacture (
        manafacture_name,
        manafacture_model,
        manafacture_height,
        manafacture_length,
        manafacture_width,
        manafacture_fuel,
        manafacture_engine,
        manafacture_bhp,
        manafacture_hull,
        manafacture_capacity,
        manafacture_email,
        manafacture_phone
    )
values
    (
        'Yost LLC',
        'Casuarinaceae',
        13.38,
        6.36,
        13.74,
        'HYBRID',
        'BDA',
        50,
        'FLAT-BOTTOM',
        15,
        'kpuddephatt9@disqus.com',
        '397-854-7352'
    );

insert into boat (customer_id, manafacture_id, boat_mic, boat_built, boat_oem) values (1, 1, 'WAULFAFH-9DN475697', '2005-08-10', true);
insert into boat (customer_id, manafacture_id, boat_mic, boat_built, boat_oem) values (2, 2, '3VWC17AU-6FM469990', '1991-11-13', false);
insert into boat (customer_id, manafacture_id, boat_mic, boat_built, boat_oem) values (3, 3, '1FTSW3B5-6AE752725', '2001-12-08', false);
insert into boat (customer_id, manafacture_id, boat_mic, boat_built, boat_oem) values (4, 4, 'WBAGL635-35D202019', '1988-06-11', true);
insert into boat (customer_id, manafacture_id, boat_mic, boat_built, boat_oem) values (5, 5, '1GD22ZCG-3CZ329528', '2001-09-22', false);
insert into boat (customer_id, manafacture_id, boat_mic, boat_built, boat_oem) values (6, 6, '4T1BD1EB-4EU973939', '2004-11-12', true);
insert into boat (customer_id, manafacture_id, boat_mic, boat_built, boat_oem) values (7, 7, '1FTEW1CW-9AK364012', '2008-10-16', true);
insert into boat (customer_id, manafacture_id, boat_mic, boat_built, boat_oem) values (8, 8, '1FAHP3HN-3AW561264', '2019-05-17', false);
insert into boat (customer_id, manafacture_id, boat_mic, boat_built, boat_oem) values (9, 9, '5UXFG2C5-0E0036379', '1996-04-14', true);
insert into boat (customer_id, manafacture_id, boat_mic, boat_built, boat_oem) values (10, 10, '3N1CN7AP-3EK123345', '2008-12-07', false);

insert into service (boat_id, service_cost, service_type) values (1, 67988, 'CHECKUP');
insert into service (boat_id, service_cost, service_type) values (2, 2361, 'SERVICE');
insert into service (boat_id, service_cost, service_type) values (3, 70794, 'REPAIR');
insert into service (boat_id, service_cost, service_type) values (4, 98810, 'OTHER');
insert into service (boat_id, service_cost, service_type) values (5, 86405, 'REPAIR');
insert into service (boat_id, service_cost, service_type) values (6, 95640, 'CHECKUP');
insert into service (boat_id, service_cost, service_type) values (7, null, 'SERVICE');
insert into service (boat_id, service_cost, service_type) values (8, 41240, 'REPAIR');
insert into service (boat_id, service_cost, service_type) values (9, 25807, 'REPAIR');
insert into service (boat_id, service_cost, service_type) values (10, 84374, 'OTHER');

INSERT INTO staff_service (staff_id, service_id) VALUES(2, 1);
INSERT INTO staff_service (staff_id, service_id) VALUES(3, 1);
INSERT INTO staff_service (staff_id, service_id) VALUES(4, 1);
INSERT INTO staff_service (staff_id, service_id) VALUES(5, 2);
INSERT INTO staff_service (staff_id, service_id) VALUES(6, 2);
INSERT INTO staff_service (staff_id, service_id) VALUES(7, 2);
INSERT INTO staff_service (staff_id, service_id) VALUES(5, 3);
INSERT INTO staff_service (staff_id, service_id) VALUES(10, 3);
INSERT INTO staff_service (staff_id, service_id) VALUES(4, 4);
INSERT INTO staff_service (staff_id, service_id) VALUES(5, 4);
INSERT INTO staff_service (staff_id, service_id) VALUES(9, 4);
INSERT INTO staff_service (staff_id, service_id) VALUES(10, 5);
INSERT INTO staff_service (staff_id, service_id) VALUES(1, 6);
INSERT INTO staff_service (staff_id, service_id) VALUES(2, 6);
INSERT INTO staff_service (staff_id, service_id) VALUES(8, 8);
INSERT INTO staff_service (staff_id, service_id) VALUES(1, 8);
INSERT INTO staff_service (staff_id, service_id) VALUES(9, 8);
INSERT INTO staff_service (staff_id, service_id) VALUES(1, 9);
INSERT INTO staff_service (staff_id, service_id) VALUES(10, 10);
INSERT INTO staff_service (staff_id, service_id) VALUES(4, 10);

insert into history(service_id, history_type, history_date) values(1, "BOOKED", '2022-02-11');
insert into history(service_id, history_type, history_date) values(1, "ONGOING", '2022-05-11');
insert into history(service_id, history_type, history_date) values(1, "COMPLETED", '2022-05-11');
insert into history(service_id, history_type, history_date) values(2, "BOOKED", '2023-05-11');
insert into history(service_id, history_type, history_date) values(2, "ONGOING", '2023-05-11');
insert into history(service_id, history_type, history_date) values(3, "BOOKED", '2021-03-24');
insert into history(service_id, history_type, history_date) values(3, "ONGOING", '2021-03-29');
insert into history(service_id, history_type, history_date) values(3, "COMPLETED", '2021-04-04');



